Domaine,Thème_canonique_suggéré,Décision,Citation,Tribunal,Juridiction_applicable,Dispositions_codification_ancrage,Principe_ciblé_pour_la_fiche,Mention_Droitis_recommandée,Source_1_decision,Source_2_texte_loi,Source_3_commentaire
Consommation (LPC),Garantie légale / vice caché / manufacturier,General Motors Products of Canada c. Kravitz,[1979] 1 RCS 790,CSC,QC,"C.c.Q. art. 1442, 1726-1730; LPC art. 37-38, 53-54",Opposabilité de la garantie légale au manufacturier / acquéreur subséquent (transposition en droit actuel),"Dans la fiche, ajouter un encadré «Codification» : principe Kravitz → CCQ 1442 & 1730 (garantie du manufacturier) + LPC 37-38/53-54 (garantie/recours consommateur).",https://decisions.scc-csc.ca/scc-csc/scc-csc/fr/item/2647/index.do,https://www.legisquebec.gouv.qc.ca/fr/version/lc/CCQ-1991?code=se%3A1442,https://www.lavery.ca/fr/publications/nos-publications/1905-general-motors-products-of-canada-ltd-c-kravitz-l-heritage-legislatif.html
Consommation (LPC),Arbitrage / contrats d’adhésion / recours collectif,Dell Computer Corp. c. Union des consommateurs,2007 CSC 34,CSC,QC,LPC art. 11.1; C.p.c. (recours collectif) arts 571-575 (aujourd'hui); C.c.Q. art. 1437 (clause abusive) (souvent discuté),Arbitrage vs recours collectif; portée de l’interdiction/encadrement des clauses d’arbitrage en matière de consommation,"Dans la fiche, mentionner «Cadre LPC 11.1» et rappeler l'interface arbitrage/recours collectif (C.p.c.).",https://decisions.scc-csc.ca/scc-csc/scc-csc/fr/item/2374/index.do,https://www.legisquebec.gouv.qc.ca/fr/version/lc/P-40.1?code=se%3A11.1,https://canliiconnects.org/fr/r%C3%A9sum%C3%A9/31401
Consommation (LPC),Arbitrage / recours collectif / télécom,Rogers Sans-fil inc. c. Muroff,2007 CSC 35,CSC,QC,LPC (contrats de consommation; renvoi discuté); C.p.c. (arbitrage/compétence) + jurisprudence Dell,Compétence arbitrale et contrôle judiciaire; articulation avec protections consommateur,"Dans la fiche, lier Muroff à Dell pour le «test de renvoi à l’arbitrage» en contexte consommateur.",https://decisions.scc-csc.ca/scc-csc/scc-csc/fr/item/2375/index.do,https://www.legisquebec.gouv.qc.ca/fr/version/lc/P-40.1?code=se%3A11.1,https://www.fasken.com/en/experience/2007/07/rogers-wireless-inc%2C-d-%2C-v%2C-d-%2C-muroff
Consommation (LPC),Pratiques interdites / impression générale,Richard c. Time Inc.,2012 CSC 8,CSC,QC,"LPC art. 218-219, 228, 272",Test de l’«impression générale» et consommateur crédule et inexpérimenté; dommages punitifs/recours,"Dans la fiche, ajouter «Codification/Ancrage»: LPC 218-219 (représentation trompeuse) + 272 (remèdes).",https://decisions.scc-csc.ca/scc-csc/scc-csc/fr/item/7994/index.do,https://www.legisquebec.gouv.qc.ca/fr/version/lc/P-40.1?code=se%3A218,https://www.smartbiggar.ca/insights/publication/-em-richard-v-time-inc-em-
Consommation (LPC),Frais de conversion / divulgation / cartes de crédit,Banque de Montréal c. Marcotte,2014 CSC 55,CSC,QC,"LPC art. 12, 16-17, 219, 272 (selon le volet); interaction avec lois fédérales (ex. lettres de change)",Divulgation de frais; prépondérance fédérale vs LPC; restitution et punitifs,"Dans la fiche, afficher «Juridiction MIXTE» si conflit de normes; rappeler LPC comme norme de protection et analyser la prépondérance.",https://decisions.scc-csc.ca/scc-csc/scc-csc/fr/item/14352/index.do,https://www.legisquebec.gouv.qc.ca/fr/version/lc/P-40.1?code=se%3A12,https://decisions.scc-csc.ca/scc-csc/bulletins/en/item/4693/index.do
Consommation (LPC),Frais de conversion / cartes de crédit,Banque Amex du Canada c. Adams,2014 CSC 56,CSC,QC,"LPC art. 12, 219, 272",Application des exigences de divulgation (frais) et seuil des dommages punitifs,"Dans la fiche, renvoyer à l’arrêt BMO (Marcotte) comme «arrêt compagnon» + LPC 12/272.",https://decisions.scc-csc.ca/scc-csc/scc-csc/fr/item/14354/index.do,https://www.legisquebec.gouv.qc.ca/fr/version/lc/P-40.1?code=se%3A12,https://decisions.scc-csc.ca/scc-csc/scc-csc/fr/14354/1/document.do
Consommation (LPC),Frais de conversion / coopératives financières,Marcotte c. Fédération des caisses Desjardins du Québec,2014 CSC 57,CSC,QC,"LPC art. 12, 219, 272",Même logique que Marcotte/Adams; application à Desjardins,"Dans la fiche, rappeler que c’est une trilogie: BMO 55 / Amex 56 / Desjardins 57.",https://decisions.scc-csc.ca/scc-csc/scc-csc/en/item/14353/index.do,https://www.legisquebec.gouv.qc.ca/fr/version/lc/P-40.1?code=se%3A12,https://decisions.scc-csc.ca/scc-csc/scc-csc/en/14353/1/document.do
Consommation (LPC),Recours collectif / marché / complot,Infineon Technologies AG c. Option consommateurs,2013 CSC 59,CSC,QC,C.p.c. art. 575 (autorisation) (ancien 1003); règles de rattachement en droit international privé (souvent discutées),Seuil d’autorisation d’un recours collectif; approche souple du «cause défendable»,"Dans la fiche, encadré «Codification»: CPC 575 (critères) — l'arrêt sert de guide d'interprétation pour l’article.",https://decisions.scc-csc.ca/scc-csc/scc-csc/fr/item/13318/index.do,https://www.legisquebec.gouv.qc.ca/fr/version/lc/C-25.01?code=se%3A575,https://www.osler.com/en/insights/blogs/classactions/november-2013/supreme-court-of-canada-clarifies-quebec-s-class-action-authorization-test-and-confirms-competition-law-class-action
Consommation (LPC),Attribution de compétence / recours collectif,Desjardins Cabinet de services financiers inc. c. Asselin,2020 CSC 30,CSC,QC,C.p.c. art. 575 (autorisation); règles de prescription/gestion du groupe selon le cas,Autorisation: analyse de la cause défendable et preuve minimale; gestion du recours,"Dans la fiche, lier à CPC 575 et préciser le standard de preuve à l'étape autorisation.",https://decisions.scc-csc.ca/scc-csc/scc-csc/en/item/18528/index.do,https://www.legisquebec.gouv.qc.ca/fr/version/lc/C-25.01?code=se%3A575,https://www.blg.com/en/insights/2020/11/nouveau-jugement-de-la-cour-supreme-en-matiere-daction-collective
Consommation (contrats standard / forum),Clauses externes / accès à la justice (numérique),"Douez c. Facebook, Inc.",2017 CSC 33,CSC,CA (BC) / principes généraux applicables,Forum selection clause; test Pompey; notions d’iniquité/abus en contrats standard (comparables en QC: C.c.Q. art. 1437; DI privé: art. 3148),Opposabilité d’une clause d’élection de for; contrôle accru en contrats de consommation,"Dans la fiche, créer bloc «Attention — clause d’élection de for»; en QC, pointer aussi vers C.c.Q. 1437 (clause abusive) et 3148 (compétence).",https://decisions.scc-csc.ca/scc-csc/scc-csc/fr/item/16700/index.do,https://www.legisquebec.gouv.qc.ca/fr/version/lc/CCQ-1991?code=se%3A3148,https://lawjournal.mcgill.ca/article/contracting-out-of-access-to-justice-enforcement-of-forum-selection-clauses-in-consumer-contracts/
Responsabilité civile (C.c.Q.),Troubles de voisinage,Ciment du Saint-Laurent inc. c. Barrette,2008 CSC 64,CSC,QC,C.c.Q. art. 976,Régime autonome des troubles anormaux de voisinage (sans faute) et critères d'application,Dans la fiche: bloc «Codification» : 976 C.c.Q. = fondement des troubles de voisinage; rappeler que le test provient de la jurisprudence (dont Ciment).,https://www.canlii.org/en/ca/scc/doc/2008/2008scc64/2008scc64.html,https://www.legisquebec.gouv.qc.ca/fr/version/lc/CCQ-1991?code=se%3A976,https://cqde.org/arr%C3%AAt-ciment-du-saint-laurent-inc-c-barrette-2008-csc-64/
Responsabilité civile (C.c.Q.),Diffamation civile,Prud'homme c. Prud'homme,2002 CSC 85,CSC,QC,C.c.Q. art. 1457,Triptyque faute-préjudice-lien causal appliqué à la diffamation; équilibre avec liberté d'expression,Dans la fiche: relier la diffamation au régime général 1457 et préciser la méthode d'analyse (faute/préjudice/causalité).,https://www.canlii.org/fr/ca/csc/doc/2002/2002csc85/2002csc85.html,https://www.legisquebec.gouv.qc.ca/fr/version/lc/ccq-1991?code=se%3A1457,https://www.canlii.org/fr/doctrine/doc/2015CanLIIDocs500
Responsabilité civile (C.c.Q.),Responsabilité professionnelle (médecins),St-Jean c. Mercier,2002 CSC 15,CSC,QC,C.c.Q. art. 1457; (principes de faute et causalité en contexte médical),Standard de conduite du professionnel et appréciation de la faute en responsabilité médicale,Dans la fiche: ancrer à 1457 C.c.Q.; préciser que la faute professionnelle s'évalue selon la conduite attendue d'un professionnel prudent et diligent.,https://www.canlii.org/en/ca/scc/doc/2002/2002scc15/2002scc15.html,https://www.legisquebec.gouv.qc.ca/fr/version/lc/CCQ-1991?code=se%3A1457,https://www.canlii.org/fr/doctrine/doc/2015CanLIIDocs500
Responsabilité civile (C.c.Q.),Responsabilité des ordres professionnels / régulateurs,Finney c. Barreau du Québec,2004 CSC 36,CSC,QC,C.c.Q. art. 1457; C.c.Q. art. 1376 (application à l'État/organismes publics — par analogie),Faute d'un ordre professionnel dans l'exercice de fonctions de protection du public; standard exigeant,Dans la fiche: relier au régime 1457; ajouter note «contexte public/régulateur» et limites (marge d'appréciation).,https://www.canlii.org/en/ca/scc/doc/2004/2004scc36/2004scc36.html,https://www.legisquebec.gouv.qc.ca/fr/version/lc/CCQ-1991?code=se%3A1457,https://cbr.cba.org/index.php/cbr/article/download/4262/4255/4262
Responsabilité civile (C.c.Q.),Responsabilité de l'État / immunités,Hinse c. Canada (Procureur général),2015 CSC 35,CSC,QC/CA-FED,"C.c.Q. art. 1457, 1376",Responsabilité de l'État et faute institutionnelle; analyse des immunités/actes de puissance publique,"Dans la fiche: préciser que le fondement civil (QC) passe par 1457 + 1376, sous réserve d'autres règles; mentionner que le pouvoir de clémence implique une analyse spécifique.",https://www.canlii.org/en/ca/scc/doc/2015/2015scc35/2015scc35.html,https://www.legisquebec.gouv.qc.ca/fr/version/lc/CCQ-1991?code=se%3A1376,https://fondationdubarreau.qc.ca/assets/documents/Vincent-Ranger-Responsabilit%C3%A9-de-l%C3%89tat.pdf
Responsabilité civile (C.c.Q.),Responsabilité municipale (omissions / mesures de sécurité),Montréal (Ville) c. Dorval,2017 CSC 48,CSC,QC,C.c.Q. art. 1457; règles particulières (municipal) selon le cas,Faute et causalité en responsabilité municipale; obligations positives vs discrétion,Dans la fiche: rattacher à 1457 mais rappeler les particularités de la responsabilité municipale (devoir de prudence + contexte de politiques publiques).,https://www.canlii.org/en/ca/scc/doc/2017/2017scc48/2017scc48.html,https://www.legisquebec.gouv.qc.ca/fr/version/lc/CCQ-1991?code=se%3A1457,https://gowlingwlg.com/en/insights-resources/articles/2017/city-of-montreal-v-dorval/
Responsabilité civile (C.c.Q.),Responsabilité municipale (émeute / dommages),Montréal (Ville) c. Lonardi,2017 CSC 29,CSC,QC,C.c.Q. art. 1457; interprétation des régimes spéciaux selon le cas,Responsabilité et partage de responsabilité en contexte de dommages lors d'un évènement public,Dans la fiche: rattacher au régime 1457 et ajouter note sur l'interaction avec régimes spéciaux/partage de responsabilité.,https://www.canlii.org/en/ca/scc/doc/2017/2017scc29/2017scc29.html,https://www.legisquebec.gouv.qc.ca/fr/version/lc/CCQ-1991?code=se%3A1457,https://www.canlii.org/fr/doctrine/doc/2019CanLIIDocs1965
Responsabilité civile (C.c.Q.),Responsabilité municipale (zonage / autorisations),Sibeca inc. c. Municipalité de Frelighsburg,2004 CSC 61,CSC,QC,C.c.Q. art. 1457; droit municipal (régime spécial) selon le cas,Faute d'une municipalité dans l'application de règlements; critères de responsabilité,Dans la fiche: ancrer à 1457 et préciser le filtre 'policymaking vs operational' et la bonne foi administrative si discutée.,https://www.canlii.org/en/ca/scc/doc/2004/2004scc61/2004scc61.html,https://www.legisquebec.gouv.qc.ca/fr/version/lc/CCQ-1991?code=se%3A1457,https://www.canlii.org/fr/doctrine/doc/2019CanLIIDocs1965
Responsabilité civile (C.c.Q.),Vie privée / image,Aubry c. Éditions Vice-Versa inc.,[1998] 1 RCS 591,CSC,QC,C.c.Q. art. 35-36; Charte québécoise art. 5,Atteinte à la vie privée par publication de photo; équilibre avec liberté d'expression,Dans la fiche: bloc «Codification» : 35-36 C.c.Q. + Charte QC (art. 5) — principes appliqués aux médias.,https://decisions.scc-csc.ca/scc-csc/scc-csc/fr/item/1608/index.do,https://www.legisquebec.gouv.qc.ca/fr/version/lc/CCQ-1991?code=se%3A35,https://www.legisquebec.gouv.qc.ca/fr/version/lc/C-12?code=se%3A5
Responsabilité civile (C.c.Q.),Diffamation collective,Bou Malhab c. Diffusion Métromédia CMR inc.,2011 CSC 9,CSC,QC,C.c.Q. art. 1457; C.p.c. art. 575 (recours collectif) (selon le volet),Conditions de la diffamation visant un groupe et preuve du préjudice individuel; interaction avec recours collectif,"Dans la fiche: rattacher à 1457 + rappeler les exigences spécifiques quand la diffamation vise un groupe; si recours collectif, pointer vers CPC 575.",https://www.canlii.org/en/ca/scc/doc/2011/2011scc9/2011scc9.html,https://www.legisquebec.gouv.qc.ca/fr/version/lc/CCQ-1991?code=se%3A1457,https://www.canlii.org/fr/doctrine/doc/2015CanLIIDocs500
Procédure civile / recours collectif,Autorisation du recours collectif,Infineon Technologies AG c. Option consommateurs,2013 CSC 59,CSC,QC (si CPC) / CA (si analogie),C.p.c. art. 575,Autorisation: seuil peu élevé; 'cause défendable',Dans la fiche: toujours ajouter un bloc «Codification» pointant vers l'art. 575 C.p.c. + rappeler l'arrêt comme guide d'interprétation.,https://www.canlii.org/en/ca/scc/doc/2013/2013scc59/2013scc59.html,https://www.legisquebec.gouv.qc.ca/fr/version/lc/C-25.01?code=se%3A575,https://www.registredesactionscollectives.quebec/en/Fichier/Document?NomFichier=7926.pdf
Procédure civile / recours collectif,Autorisation du recours collectif,Vivendi Canada inc. c. Dell'Aniello,2014 CSC 1,CSC,QC (si CPC) / CA (si analogie),C.p.c. art. 575,Autorisation et 'question commune'; approche flexible,Dans la fiche: toujours ajouter un bloc «Codification» pointant vers l'art. 575 C.p.c. + rappeler l'arrêt comme guide d'interprétation.,https://www.canlii.org/en/ca/scc/doc/2014/2014scc1/2014scc1.html,https://www.legisquebec.gouv.qc.ca/fr/version/lc/C-25.01?code=se%3A575,https://www.registredesactionscollectives.quebec/en/Fichier/Document?NomFichier=7926.pdf
Procédure civile / recours collectif,Autorisation du recours collectif,Oratoire Saint-Joseph du Mont-Royal c. J.J.,2020 CSC 17,CSC,QC (si CPC) / CA (si analogie),C.p.c. art. 575; prescription (C.c.Q.) selon le cas,Autorisation et prescription; preuve minimale,Dans la fiche: toujours ajouter un bloc «Codification» pointant vers l'art. 575 C.p.c. + rappeler l'arrêt comme guide d'interprétation.,https://www.canlii.org/en/ca/scc/doc/2020/2020scc17/2020scc17.html,https://www.legisquebec.gouv.qc.ca/fr/version/lc/C-25.01?code=se%3A575,https://www.registredesactionscollectives.quebec/en/Fichier/Document?NomFichier=7926.pdf
Procédure civile / recours collectif,Autorisation du recours collectif,Desjardins Cabinet de services financiers inc. c. Asselin,2020 CSC 30,CSC,QC (si CPC) / CA (si analogie),C.p.c. art. 575,Autorisation: méthode et fardeau de preuve,Dans la fiche: toujours ajouter un bloc «Codification» pointant vers l'art. 575 C.p.c. + rappeler l'arrêt comme guide d'interprétation.,https://www.canlii.org/en/ca/scc/doc/2020/2020scc30/2020scc30.html,https://www.legisquebec.gouv.qc.ca/fr/version/lc/C-25.01?code=se%3A575,https://www.registredesactionscollectives.quebec/en/Fichier/Document?NomFichier=7926.pdf
Procédure civile / recours collectif,Autorisation du recours collectif,Bisaillon c. Université Concordia,2006 CSC 19,CSC,QC (si CPC) / CA (si analogie),C.p.c. art. 575; arbitrage,Recours collectif vs arbitrage; arbitrabilité,Dans la fiche: toujours ajouter un bloc «Codification» pointant vers l'art. 575 C.p.c. + rappeler l'arrêt comme guide d'interprétation.,https://www.canlii.org/en/ca/scc/doc/2006/2006scc19/2006scc19.html,https://www.legisquebec.gouv.qc.ca/fr/version/lc/C-25.01?code=se%3A575,https://www.registredesactionscollectives.quebec/en/Fichier/Document?NomFichier=7926.pdf
Procédure civile / recours collectif,Autorisation du recours collectif,Dell Computer Corp. c. Union des consommateurs,2007 CSC 34,CSC,QC (si CPC) / CA (si analogie),C.p.c. art. 575; LPC art. 11.1,Renvoi à l'arbitrage en contexte de recours collectif,Dans la fiche: toujours ajouter un bloc «Codification» pointant vers l'art. 575 C.p.c. + rappeler l'arrêt comme guide d'interprétation.,https://www.canlii.org/en/ca/scc/doc/2007/2007scc34/2007scc34.html,https://www.legisquebec.gouv.qc.ca/fr/version/lc/C-25.01?code=se%3A575,https://www.registredesactionscollectives.quebec/en/Fichier/Document?NomFichier=7926.pdf
Procédure civile / recours collectif,Autorisation du recours collectif,Ciment du Saint-Laurent inc. c. Barrette,2008 CSC 64,CSC,QC (si CPC) / CA (si analogie),C.p.c. art. 575,Autorisation + gestion; aussi fond du litige en 976,Dans la fiche: toujours ajouter un bloc «Codification» pointant vers l'art. 575 C.p.c. + rappeler l'arrêt comme guide d'interprétation.,https://www.canlii.org/en/ca/scc/doc/2008/2008scc64/2008scc64.html,https://www.legisquebec.gouv.qc.ca/fr/version/lc/C-25.01?code=se%3A575,https://www.registredesactionscollectives.quebec/en/Fichier/Document?NomFichier=7926.pdf
Procédure civile / recours collectif,Autorisation du recours collectif,Banque de Montréal c. Marcotte,2014 CSC 55,CSC,QC (si CPC) / CA (si analogie),C.p.c. art. 575; LPC art. 12/272,Recours collectif et prépondérance fédérale,Dans la fiche: toujours ajouter un bloc «Codification» pointant vers l'art. 575 C.p.c. + rappeler l'arrêt comme guide d'interprétation.,https://www.canlii.org/en/ca/scc/doc/2014/2014scc55/2014scc55.html,https://www.legisquebec.gouv.qc.ca/fr/version/lc/C-25.01?code=se%3A575,https://www.registredesactionscollectives.quebec/en/Fichier/Document?NomFichier=7926.pdf
Procédure civile / recours collectif,Autorisation du recours collectif,Pro-Sys Consultants Ltd. c. Microsoft Corporation,2013 CSC 57,CSC,QC (si CPC) / CA (si analogie),C.p.c. art. 575 (analogie) / règles de preuve,Pass-on defence et preuve; enseigné en recours collectif,Dans la fiche: toujours ajouter un bloc «Codification» pointant vers l'art. 575 C.p.c. + rappeler l'arrêt comme guide d'interprétation.,https://www.canlii.org/en/ca/scc/doc/2013/2013scc57/2013scc57.html,https://www.legisquebec.gouv.qc.ca/fr/version/lc/C-25.01?code=se%3A575,https://www.registredesactionscollectives.quebec/en/Fichier/Document?NomFichier=7926.pdf
Procédure civile / recours collectif,Autorisation du recours collectif,Pioneer Corp. c. Godfrey,2019 CSC 42,CSC,QC (si CPC) / CA (si analogie),C.p.c. art. 575 (analogie) / droit de la concurrence,Actions collectives concurrence; causes d'action,Dans la fiche: toujours ajouter un bloc «Codification» pointant vers l'art. 575 C.p.c. + rappeler l'arrêt comme guide d'interprétation.,https://www.canlii.org/en/ca/scc/doc/2019/2019scc42/2019scc42.html,https://www.legisquebec.gouv.qc.ca/fr/version/lc/C-25.01?code=se%3A575,https://www.registredesactionscollectives.quebec/en/Fichier/Document?NomFichier=7926.pdf
Droit constitutionnel / Chartes,Charte canadienne / principes constitutionnels,R. v. Oakes,[1986] 1 RCS 103,CSC,CA-FED (et QC si Charte QC),Charte canadienne art. 1,Test de justification (Oakes),Dans la fiche: ajouter un encadré «Dispositions clés» (section(s) de la Charte/Constitution) + «Test» (Oakes/Jordan/Grant etc.).,https://decisions.scc-csc.ca/scc-csc/scc-csc/en/item/117/index.do,https://laws-lois.justice.gc.ca/eng/const/page-15.html,https://www.constitutionalstudies.ca/2019/07/oakes-test/
Droit constitutionnel / Chartes,Charte canadienne / principes constitutionnels,Ford c. Québec (Procureur général),[1988] 2 RCS 712,CSC,CA-FED (et QC si Charte QC),Charte canadienne art. 2b; art. 1; Charte QC (selon le cas),Liberté d'expression et langue; analyse art. 1,Dans la fiche: ajouter un encadré «Dispositions clés» (section(s) de la Charte/Constitution) + «Test» (Oakes/Jordan/Grant etc.).,https://decisions.scc-csc.ca/scc-csc/scc-csc/fr/item/233/index.do,https://laws-lois.justice.gc.ca/eng/const/page-15.html,https://www.constitutionalstudies.ca/2019/07/oakes-test/
Droit constitutionnel / Chartes,Charte canadienne / principes constitutionnels,Renvoi relatif à la sécession du Québec,[1998] 2 RCS 217,CSC,CA-FED (et QC si Charte QC),Loi constitutionnelle 1867/1982 (principes non écrits),Principes constitutionnels et obligation de négocier,Dans la fiche: ajouter un encadré «Dispositions clés» (section(s) de la Charte/Constitution) + «Test» (Oakes/Jordan/Grant etc.).,https://decisions.scc-csc.ca/scc-csc/scc-csc/en/item/1643/index.do,https://laws-lois.justice.gc.ca/eng/const/page-15.html,https://engage.ottawa.ca/vulnerable-social-infrastructure-by-law-review/news_feed/what-is-the-oakes-test
Droit constitutionnel / Chartes,Charte canadienne / principes constitutionnels,R. c. Sparrow,[1990] 1 RCS 1075,CSC,CA-FED (et QC si Charte QC),Loi constitutionnelle de 1982 art. 35,Test Sparrow pour atteinte justifiée aux droits ancestraux,Dans la fiche: ajouter un encadré «Dispositions clés» (section(s) de la Charte/Constitution) + «Test» (Oakes/Jordan/Grant etc.).,https://decisions.scc-csc.ca/scc-csc/scc-csc/en/item/609/index.do,https://laws-lois.justice.gc.ca/eng/const/page-15.html,https://www.justice.gc.ca/eng/csj-sjc/rfc-dlc/ccrf-ccdl/check/art35.html
Droit constitutionnel / Chartes,Charte canadienne / principes constitutionnels,Vriend c. Alberta,[1998] 1 RCS 493,CSC,CA-FED (et QC si Charte QC),Charte canadienne art. 15,Égalité — inclusion des motifs analogues,Dans la fiche: ajouter un encadré «Dispositions clés» (section(s) de la Charte/Constitution) + «Test» (Oakes/Jordan/Grant etc.).,https://decisions.scc-csc.ca/scc-csc/scc-csc/en/item/1651/index.do,https://laws-lois.justice.gc.ca/eng/const/page-15.html,https://www.justice.gc.ca/eng/csj-sjc/rfc-dlc/ccrf-ccdl/check/art15.html
Droit constitutionnel / Chartes,Charte canadienne / principes constitutionnels,Québec (Procureur général) c. A,2013 CSC 5,CSC,CA-FED (et QC si Charte QC),Charte canadienne art. 15; (droit de la famille QC en toile de fond),Égalité et conjoints de fait,Dans la fiche: ajouter un encadré «Dispositions clés» (section(s) de la Charte/Constitution) + «Test» (Oakes/Jordan/Grant etc.).,https://www.canlii.org/en/ca/scc/doc/2013/2013scc5/2013scc5.html,https://laws-lois.justice.gc.ca/eng/const/page-15.html,https://www.justice.gc.ca/eng/csj-sjc/rfc-dlc/ccrf-ccdl/check/art15.html
Droit constitutionnel / Chartes,Charte canadienne / principes constitutionnels,Canada (Procureur général) c. Bedford,2013 CSC 72,CSC,CA-FED (et QC si Charte QC),Charte canadienne art. 7,"Vie, liberté, sécurité; arbitraire / disproportion / surdétermination",Dans la fiche: ajouter un encadré «Dispositions clés» (section(s) de la Charte/Constitution) + «Test» (Oakes/Jordan/Grant etc.).,https://www.canlii.org/en/ca/scc/doc/2013/2013scc72/2013scc72.html,https://laws-lois.justice.gc.ca/eng/const/page-15.html,https://www.justice.gc.ca/eng/csj-sjc/rfc-dlc/ccrf-ccdl/check/art7.html
Droit constitutionnel / Chartes,Charte canadienne / principes constitutionnels,Carter c. Canada (Procureur général),2015 CSC 5,CSC,CA-FED (et QC si Charte QC),Charte canadienne art. 7; art. 1,Aide médicale à mourir — art. 7 et justification,Dans la fiche: ajouter un encadré «Dispositions clés» (section(s) de la Charte/Constitution) + «Test» (Oakes/Jordan/Grant etc.).,https://www.canlii.org/en/ca/scc/doc/2015/2015scc5/2015scc5.html,https://laws-lois.justice.gc.ca/eng/const/page-15.html,https://www.justice.gc.ca/eng/csj-sjc/rfc-dlc/ccrf-ccdl/check/art7.html
Droit constitutionnel / Chartes,Charte canadienne / principes constitutionnels,R. c. Grant,2009 CSC 32,CSC,CA-FED (et QC si Charte QC),Charte canadienne art. 24(2),Exclusion de la preuve — nouveau cadre,Dans la fiche: ajouter un encadré «Dispositions clés» (section(s) de la Charte/Constitution) + «Test» (Oakes/Jordan/Grant etc.).,https://www.canlii.org/en/ca/scc/doc/2009/2009scc32/2009scc32.html,https://laws-lois.justice.gc.ca/eng/const/page-15.html,https://www.justice.gc.ca/eng/csj-sjc/rfc-dlc/ccrf-ccdl/check/art24_2.html
Droit constitutionnel / Chartes,Charte canadienne / principes constitutionnels,R. c. Jordan,2016 CSC 27,CSC,CA-FED (et QC si Charte QC),Charte canadienne art. 11b,Délais déraisonnables — plafonds Jordan,Dans la fiche: ajouter un encadré «Dispositions clés» (section(s) de la Charte/Constitution) + «Test» (Oakes/Jordan/Grant etc.).,https://www.canlii.org/en/ca/scc/doc/2016/2016scc27/2016scc27.html,https://laws-lois.justice.gc.ca/eng/const/page-15.html,https://www.justice.gc.ca/eng/csj-sjc/rfc-dlc/ccrf-ccdl/check/art11b.html
Biens — Publicité des droits & prescription acquisitive,"Prescription acquisitive, registre foncier et priorité des droits (C.c.Q. art. 2918, 2938, 2946, 2963)",Ostiguy c. Allie,2017 CSC 22,CSC,QC,"C.c.Q. art. 2918, 2938, 2946, 2963 (et ss.)","Effet du jugement en prescription acquisitive (déclaratif), articulation avec la publicité des droits et protection de l’acquéreur de bonne foi (priorité au premier publié).","Si le client demande *Ostiguy*, ajouter : (1) jugement en prescription acquisitive = effet déclaratif (C.c.Q. 2918), mais (2) ne prime pas un droit publié antérieurement par un tiers de bonne foi (C.c.Q. 2946), avec présomptions liées à la publicité (C.c.Q. 2963).",https://www.canlii.org/fr/ca/csc/doc/2017/2017csc22/2017csc22.html,https://www.legisquebec.gouv.qc.ca/fr/version/lc/ccq-1991?code=se%3A2946&historique=20250819,https://blogue.soquij.qc.ca/2017/05/03/prescription-acquisitive-publicite-des-droits-relation-delicate/
Biens — Publicité des droits & prescription acquisitive,"Prescription acquisitive, registre foncier et priorité des droits (C.c.Q. art. 2918, 2938, 2946, 2963)",Dupuy c. Gauthier,2013 QCCA 774,QCCA,QC,"C.c.Q. art. 2918, 2938, 2946, 2963",Conflit entre prescription acquisitive et droits publiés — conditions de protection du tiers de bonne foi.,Si *Dupuy* est cité : relier la solution au couple (prescription/effet déclaratif) + (priorité/publicité) : C.c.Q. 2918 + 2946 + présomption C.c.Q. 2963.,https://www.canlii.org/fr/qc/qcca/doc/2013/2013qcca774/2013qcca774.html,https://www.legisquebec.gouv.qc.ca/fr/version/lc/ccq-1991?code=se%3A2963&historique=20250819,https://www.canlii.org/en/commentary/doc/2016CanLIIDocs4345
Biens — Publicité des droits & prescription acquisitive,"Prescription acquisitive, registre foncier et priorité des droits (C.c.Q. art. 2918, 2938, 2946, 2963)",Craig c. Béton Chevalier inc.,2012 QCCS 2888,QCCS,QC,C.c.Q. art. 2918 et suiv. (prescription acquisitive); art. 2938 (publicité),Demande en jugement de prescription acquisitive («requête»/demande) et exigences de preuve/publicité.,"Quand *Craig* est demandé : rappeler que le jugement «constate» un droit acquis par prescription (C.c.Q. 2918), mais que la publicité demeure centrale (C.c.Q. 2938 et présomptions 2963).",https://www.canlii.org/fr/qc/qccs/doc/2012/2012qccs2888/2012qccs2888.html,https://www.legisquebec.gouv.qc.ca/fr/version/lc/ccq-1991?code=se%3A2918&historique=20250819,https://www.canlii.org/en/commentary/doc/2016CanLIIDocs4345
Biens — Publicité des droits & prescription acquisitive,"Prescription acquisitive, registre foncier et priorité des droits (C.c.Q. art. 2918, 2938, 2946, 2963)",Granby (Ville) c. Gestion Rainville ltée,2011 QCCS 4259,QCCS,QC,C.c.Q. art. 2918 et suiv.; art. 2938,Paramètres de la preuve de possession utile et articulation avec la publicité des droits dans le contexte municipal/immobilier.,Pour *Granby* : lister les critères de possession utile (paix/public/continue/non équivoque) + lien au jugement déclaratif (C.c.Q. 2918) et aux règles de publicité (C.c.Q. 2938).,https://www.canlii.org/fr/qc/qccs/doc/2011/2011qccs4259/2011qccs4259.html,https://www.legisquebec.gouv.qc.ca/fr/version/lc/ccq-1991?code=se%3A2918&historique=20250819,https://www.canlii.org/en/commentary/doc/2016CanLIIDocs4345
Biens — Publicité des droits & prescription acquisitive,"Prescription acquisitive, registre foncier et priorité des droits (C.c.Q. art. 2918, 2938, 2946, 2963)",Re Gagné,2009 QCCS 6064,QCCS,QC,C.c.Q. art. 2918 et suiv.; art. 2938,"Structure d’une demande en prescription acquisitive et contrôle judiciaire (preuve, titres, plans).","Pour *Re Gagné* : transformer la fiche en checklist : possession utile + corroboration (plans, chaîne de titres) + rappel que le jugement est déclaratif (C.c.Q. 2918).",https://www.canlii.org/fr/qc/qccs/doc/2009/2009qccs6064/2009qccs6064.html,https://www.legisquebec.gouv.qc.ca/fr/version/lc/ccq-1991?code=se%3A2918&historique=20250819,https://www.canlii.org/en/commentary/doc/2016CanLIIDocs4345
Biens — Publicité des droits & prescription acquisitive,"Prescription acquisitive, registre foncier et priorité des droits (C.c.Q. art. 2918, 2938, 2946, 2963)",Re Montmagny (Ville),2005 CanLII 11604 (QC CS),QCCS,QC,C.c.Q. art. 2918 et suiv.; art. 2938,Jurisprudence de référence sur la forme/éléments requis d’une demande en prescription acquisitive.,Quand *Re Montmagny* est demandé : donner la «structure standard» d’une demande en prescription acquisitive et relier à C.c.Q. 2918 (effet) + 2938 (publicité).,https://www.canlii.org/fr/qc/qccs/doc/2005/2005canlii11604/2005canlii11604.html,https://www.legisquebec.gouv.qc.ca/fr/version/lc/ccq-1991?code=se%3A2918&historique=20250819,https://decisions.scc-csc.ca/scc-csc/scc-csc/fr/item/17901/index.do
Biens — Publicité des droits & prescription acquisitive,"Prescription acquisitive, registre foncier et priorité des droits (C.c.Q. art. 2918, 2938, 2946, 2963)",Re Béland,2005 CanLII 24349 (QC CS),QCCS,QC,C.c.Q. art. 2918 et suiv.; art. 2938,Exigences de preuve et de publicité dans une réclamation de prescription acquisitive.,"Pour *Re Béland* : rappeler les éléments de possession utile + les documents probatoires attendus, puis rattacher à C.c.Q. 2918.",https://www.canlii.org/fr/qc/qccs/doc/2005/2005canlii24349/2005canlii24349.html,https://www.legisquebec.gouv.qc.ca/fr/version/lc/ccq-1991?code=se%3A2918&historique=20250819,https://decisions.scc-csc.ca/scc-csc/scc-csc/fr/item/17901/index.do
Biens — Publicité des droits & prescription acquisitive,"Prescription acquisitive, registre foncier et priorité des droits (C.c.Q. art. 2918, 2938, 2946, 2963)",Cabana c. Valiquette,2013 QCCS 4710; conf. 2015 QCCA 1520,QCCS / QCCA,QC,"C.c.Q. art. 2918, 2938, 2946, 2963",Litige de prescription acquisitive avec enjeux de publication (conflits de titres/tiers).,Si *Cabana* : isoler (i) possession utile + (ii) opposabilité/publicité; mentionner que la publication protège le tiers (C.c.Q. 2946) et que la connaissance est présumée (C.c.Q. 2963).,https://www.canlii.org/fr/qc/qccs/doc/2013/2013qccs4710/2013qccs4710.html,https://www.legisquebec.gouv.qc.ca/fr/version/lc/ccq-1991?code=se%3A2946&historique=20250819,https://www.canlii.org/en/commentary/doc/2016CanLIIDocs4345
Biens — Publicité des droits & prescription acquisitive,"Prescription acquisitive, registre foncier et priorité des droits (C.c.Q. art. 2918, 2938, 2946, 2963)",Breton c. Fortin,2016 QCCS 6149,QCCS,QC,C.c.Q. art. 2918 et suiv.; art. 2938,Précisions sur l’analyse de la possession et la preuve requise en prescription acquisitive.,Quand *Breton* : présenter les critères de possession utile sous forme de tests (faits → critères) + rappel jugement déclaratif (C.c.Q. 2918).,https://www.canlii.org/fr/qc/qccs/doc/2016/2016qccs6149/2016qccs6149.html,https://www.legisquebec.gouv.qc.ca/fr/version/lc/ccq-1991?code=se%3A2918&historique=20250819,https://www.canlii.org/en/commentary/doc/2016CanLIIDocs4345
Biens — Publicité des droits & prescription acquisitive,"Prescription acquisitive, registre foncier et priorité des droits (C.c.Q. art. 2918, 2938, 2946, 2963)",Gosselin c. Turner,2012 QCCS 388,QCCS,QC,C.c.Q. art. 2918 et suiv.; art. 2938,Exemple de raisonnement factuel (possession utile) appliqué au droit de propriété acquis par prescription.,"Si *Gosselin* : générer une section «preuve» (témoignages, taxes, clôtures, actes matériels) et relier à C.c.Q. 2918 (effet).",https://www.canlii.org/fr/qc/qccs/doc/2012/2012qccs388/2012qccs388.html,https://www.legisquebec.gouv.qc.ca/fr/version/lc/ccq-1991?code=se%3A2918&historique=20250819,https://www.canlii.org/en/commentary/doc/2016CanLIIDocs4345
"Droit du travail — droits collectifs, normes du travail, accommodement","Protection contre représailles (C.t. art. 15-17), gel des conditions (C.t. art. 59/100.10), normes minimales (LNT), accommodement (Charte QC / LATMP), liberté d’association (Charte canadienne s.2d)",Plourde c. Wal-Mart Canada Corp.,2009 CSC 54,CSC,QC,"Code du travail (RLRQ, c. C-27) art. 15-17 (représailles antisyndicales); remèdes",Recours antisyndical (art. 15-17 C.t.) — portée du remède (réintégration) lorsque l’employeur a fermé l’établissement.,Si *Plourde* : mentionner explicitement que la plainte est fondée sur art. 15-17 C.t.; préciser les limites du remède quand la réintégration implique la réouverture.,https://www.canlii.org/fr/ca/csc/doc/2009/2009csc54/2009csc54.html,https://www.legisquebec.gouv.qc.ca/fr/version/lc/C-27?code=se%3A15&historique=20160804,https://canliiconnects.org/en/commentaries/36234
"Droit du travail — droits collectifs, normes du travail, accommodement","Protection contre représailles (C.t. art. 15-17), gel des conditions (C.t. art. 59/100.10), normes minimales (LNT), accommodement (Charte QC / LATMP), liberté d’association (Charte canadienne s.2d)","TUAC, section locale 503 c. Wal-Mart Canada Corp.",2014 CSC 45,CSC,QC,Code du travail art. 59 (maintien conditions) et art. 100.10-100.12 (arbitrage),Gel des conditions de travail pendant l’accréditation (art. 59 C.t.) — contrôle arbitral via art. 100.10.,Si *Wal-Mart 2014* : ajouter une section «art. 59 C.t. = gel» + mécanisme d’arbitrage (art. 100.10) et standard d’intervention.,https://www.canlii.org/fr/ca/csc/doc/2014/2014csc45/2014csc45.html,https://www.legisquebec.gouv.qc.ca/fr/document/lc/C-27/20020213,https://nelliganlaw.ca/articles/think-twice-before-closing-supreme-court-of-canada-addresses-employer-rights-during-the-certification-process/
"Droit du travail — droits collectifs, normes du travail, accommodement","Protection contre représailles (C.t. art. 15-17), gel des conditions (C.t. art. 59/100.10), normes minimales (LNT), accommodement (Charte QC / LATMP), liberté d’association (Charte canadienne s.2d)",Isidore Garon ltée c. Tremblay; Fillion et Frères (1976) inc. c. Syndicat national des employés de garage du Québec inc.,2006 CSC 2,CSC,QC,Loi sur les normes du travail (LNT) art. 82 et suiv. (préavis) + art. 124 (recours); interaction avec conventions collectives,Préavis et «délai de congé raisonnable» en contexte syndiqué — articulation LNT / conventions collectives / arbitrage.,"Si *Isidore Garon* : dans la fiche, pointer (i) préavis LNT (art. 82) + (ii) recours (art. 124) + (iii) rôle de l’arbitre vs tribunaux.",https://www.canlii.org/fr/ca/csc/doc/2006/2006csc2/2006csc2.html,https://www.cnesst.gouv.qc.ca/fr/organisation/documentation/acces-linformation/documents-servant-prise-decision/normes-travail/loi-sur-normes-travail/chapitre-iv-normes-travail-art-391-97/section-vi-lavis-cessation-demploi-mise-pied/article-82,https://blogue.soquij.qc.ca/2006/02/17/le-droit-des-salaries-syndiques-a-un-delai-de-conge-raisonnable/
"Droit du travail — droits collectifs, normes du travail, accommodement","Protection contre représailles (C.t. art. 15-17), gel des conditions (C.t. art. 59/100.10), normes minimales (LNT), accommodement (Charte QC / LATMP), liberté d’association (Charte canadienne s.2d)",Québec (Commission des normes du travail) c. Asphalte Desjardins inc.,2014 CSC 51,CSC,QC,LNT art. 82 et suiv. (préavis) — résiliation avant l’échéance d’un avis de démission; protection minimale,L’employeur qui met fin à l’emploi avant la date de démission annoncée peut devoir le préavis/indemnité — finalité protectrice de la LNT.,Si *Asphalte Desjardins* : ajouter une règle claire «démission avec préavis ≠ renonciation au préavis de l’employeur» + citer l’objectif de protection.,https://www.canlii.org/fr/ca/csc/doc/2014/2014csc51/2014csc51.html,https://www.cnesst.gouv.qc.ca/fr/organisation/documentation/acces-linformation/documents-servant-prise-decision/normes-travail/loi-sur-normes-travail/chapitre-iv-normes-travail-art-391-97/section-vi-lavis-cessation-demploi-mise-pied/article-82,https://www.lavery.ca/en/publications/our-publications/1817-the-asphalte-desjardins-matter-the-supreme-court-of-canada-overturns-the-decision-of-the-quebec-court-of-appeal.html
"Droit du travail — droits collectifs, normes du travail, accommodement","Protection contre représailles (C.t. art. 15-17), gel des conditions (C.t. art. 59/100.10), normes minimales (LNT), accommodement (Charte QC / LATMP), liberté d’association (Charte canadienne s.2d)","Hydro-Québec c. Syndicat des employé-e-s de techniques professionnelles et de bureau d'Hydro-Québec, section locale 2000 (SCFP-FTQ)",2008 CSC 43,CSC,QC,Charte QC (C-12) — handicap/accommodement; principes d’accommodement en milieu de travail (limite = contrainte excessive),Test d’accommodement/contrainte excessive : l’employeur n’a pas à «modifier l’essence» du contrat; focus sur capacité de fournir une prestation régulière à l’avenir.,Si *Hydro-Québec* : inclure un encadré «test pratique» (capacité raisonnablement prévisible + contrainte excessive) et rappeler la base Charte QC.,https://www.canlii.org/fr/ca/csc/doc/2008/2008csc43/2008csc43.html,https://www.legisquebec.gouv.qc.ca/fr/document/lc/C-12,https://canliiconnects.org/fr/commentaires/36140
"Droit du travail — droits collectifs, normes du travail, accommodement","Protection contre représailles (C.t. art. 15-17), gel des conditions (C.t. art. 59/100.10), normes minimales (LNT), accommodement (Charte QC / LATMP), liberté d’association (Charte canadienne s.2d)",Québec (CNESST) c. Caron,2018 CSC 3,CSC,QC,"LATMP (RLRQ, c. A-3.001) chap. Réadaptation (art. 145-187) + Charte QC (C-12)","Obligation d’accommodement dans le cadre des lésions professionnelles : interaction LATMP / Charte QC, rôle CNESST/TAT.",Si *Caron* : distinguer (i) mécanismes LATMP (réadaptation) et (ii) norme d’accommodement/contrainte excessive de la Charte; signaler la logique de «protection du lien d’emploi».,https://www.canlii.org/fr/ca/csc/doc/2018/2018csc3/2018csc3.html,https://legisquebec.gouv.qc.ca/fr/showdoc/cs/a-3.001,https://www.lavery.ca/fr/publications/nos-publications/3064-affaire-caron-cest-confirme-les-employeurs-ont-une-obligation-daccommodement-dans-les-cas-de-lesion-professionnelle.html
"Droit du travail — droits collectifs, normes du travail, accommodement","Protection contre représailles (C.t. art. 15-17), gel des conditions (C.t. art. 59/100.10), normes minimales (LNT), accommodement (Charte QC / LATMP), liberté d’association (Charte canadienne s.2d)",Health Services and Support – Facilities Subsector Bargaining Assn. c. Colombie-Britannique,2007 CSC 27,CSC,CA,Charte canadienne art. 2(d) + art. 1 (limites),Reconnaissance constitutionnelle de la négociation collective comme composante de la liberté d’association.,"Si une fiche de droit du travail traite de liberté d’association : citer *Health Services* et rattacher au texte codifié (Charte, art. 2(d)).",https://www.canlii.org/fr/ca/csc/doc/2007/2007csc27/2007csc27.html,https://laws.justice.gc.ca/eng/Const/page-12.html,https://canliiconnects.org/en/summaries/31176
"Droit du travail — droits collectifs, normes du travail, accommodement","Protection contre représailles (C.t. art. 15-17), gel des conditions (C.t. art. 59/100.10), normes minimales (LNT), accommodement (Charte QC / LATMP), liberté d’association (Charte canadienne s.2d)",Mounted Police Association of Ontario c. Canada (Procureur général),2015 CSC 1,CSC,CA,Charte canadienne art. 2(d) + art. 1,Cadre analytique modernisé de la liberté d’association; protection du choix d’un véritable agent de négociation.,Pour les fiches «droits collectifs» : mentionner l’exigence de «représentation véritable» sous 2(d).,https://www.canlii.org/fr/ca/csc/doc/2015/2015csc1/2015csc1.html,https://laws.justice.gc.ca/eng/Const/page-12.html,https://canliiconnects.org/en/commentaries/38582
"Droit du travail — droits collectifs, normes du travail, accommodement","Protection contre représailles (C.t. art. 15-17), gel des conditions (C.t. art. 59/100.10), normes minimales (LNT), accommodement (Charte QC / LATMP), liberté d’association (Charte canadienne s.2d)",Saskatchewan Federation of Labour c. Saskatchewan,2015 CSC 4,CSC,CA,Charte canadienne art. 2(d) + art. 1,Le droit de grève comme composante protégée de la liberté d’association (dans certaines limites).,Dans une fiche sur grève/services essentiels : associer la règle au texte codifié (2(d)) et à la logique de proportionnalité (art. 1).,https://www.canlii.org/fr/ca/csc/doc/2015/2015csc4/2015csc4.html,https://laws.justice.gc.ca/eng/Const/page-12.html,https://canliiconnects.org/fr/summaries/35663
"Droit du travail — droits collectifs, normes du travail, accommodement","Protection contre représailles (C.t. art. 15-17), gel des conditions (C.t. art. 59/100.10), normes minimales (LNT), accommodement (Charte QC / LATMP), liberté d’association (Charte canadienne s.2d)",Ontario (Procureur général) c. Fraser,2011 CSC 20,CSC,CA,Charte canadienne art. 2(d),Seuil de «diminution substantielle» / interférence substantielle avec l’action collective; contours du devoir de bonne foi du législateur.,Pour les fiches sur 2(d) en droit du travail : exposer le test d’atteinte (interférence substantielle) et replacer *Fraser* dans la chronologie Health Services → 2015.,https://www.canlii.org/fr/ca/csc/doc/2011/2011csc20/2011csc20.html,https://laws.justice.gc.ca/eng/Const/page-12.html,https://canliiconnects.org/en/summaries/34296
Fiscal,Évitement fiscal — RGAÉ/GAAR (test en 3 étapes),Canada Trustco Mortgage Co. c. Canada,2005 CSC 54,Cour suprême du Canada,CA-FED,"Loi de l'impôt sur le revenu (LIR) art. 245 (RGAÉ/GAAR) — notamment 245(2), 245(3), 245(4)","Cadre d'analyse GAAR: (1) avantage fiscal, (2) opération d'évitement, (3) abus (objet/ esprit/ finalité) + lecture textuelle, contextuelle et téléologique.",⚖️ Ancrage législatif : LIR art. 245 (GAAR). Cette décision structure le test en 3 étapes et la preuve de l'abus (245(4)).,https://www.canlii.org/en/ca/scc/doc/2005/2005scc54/2005scc54.html,https://laws-lois.justice.gc.ca/eng/acts/I-3.3/section-245.html,https://canliiconnects.org/fr/commentaries/36116
Fiscal,Évitement fiscal — GAAR (transactions d’évitement / abus),Mathew c. Canada,2005 CSC 55,Cour suprême du Canada,CA-FED,LIR art. 245 (RGAÉ/GAAR),Application du test GAAR à des planifications autour des pertes; insiste sur l'analyse de l'objet/ esprit/ finalité de la disposition contournée.,⚖️ Ancrage législatif : LIR art. 245. À citer quand la question porte sur l'identification de l'abus au sens de 245(4).,https://www.canlii.org/en/ca/scc/doc/2005/2005scc55/2005scc55.html,https://laws-lois.justice.gc.ca/eng/acts/I-3.3/section-245.html,https://www.canlii.org/en/commentary/doc/2009CanLIIDocs184
Fiscal,Évitement fiscal — GAAR (réorganisation / continuité),Copthorne Holdings Ltd. c. Canada,2011 CSC 63,Cour suprême du Canada,CA-FED,LIR art. 245 (RGAÉ/GAAR),Clarifie l'analyse de l'abus (245(4)) et l'importance de l'objet/ esprit/ finalité; rôle des « overall purpose » vs « underlying rationale » des dispositions.,⚖️ Ancrage législatif : LIR art. 245. Utile pour expliquer comment cerner l'objet/ esprit/ finalité d'une disposition invoquée au stade 245(4).,https://www.canlii.org/en/ca/scc/doc/2011/2011scc63/2011scc63.html,https://laws-lois.justice.gc.ca/eng/acts/I-3.3/section-245.html,https://canliiconnects.org/en/commentaries/36293
Fiscal,Évitement fiscal — GAAR + attribution (conjoint),Lipson c. Canada,2009 CSC 1,Cour suprême du Canada,CA-FED,LIR art. 245 (RGAÉ/GAAR) + (selon la question) règles d'attribution (p.ex. art. 74.1 et suiv.),GAAR appliquée à une planification combinant règles d'attribution et déduction d'intérêts; souligne le rôle du stade « abus ».,⚖️ Ancrage législatif : LIR art. 245 (et règles d'attribution selon les faits). Indiquer clairement quelles dispositions sont « contournées » au stade 245(4).,https://www.canlii.org/en/ca/scc/doc/2009/2009scc1/2009scc1.html,https://laws-lois.justice.gc.ca/eng/acts/I-3.3/section-245.html,https://canliiconnects.org/en/commentaries/36175
Fiscal,GAAR + conventions fiscales (treaty shopping),Canada c. Alta Energy Luxembourg S.A.R.L.,2021 CSC 49,Cour suprême du Canada,CA-FED,LIR art. 245 (RGAÉ/GAAR) + Convention fiscale pertinente (selon faits),Interaction GAAR et conventions fiscales; analyse téléologique du traité et du régime domestique.,⚖️ Ancrage législatif : LIR art. 245 + traité applicable. Important pour expliquer comment la finalité d'un traité influence 245(4).,https://www.canlii.org/en/ca/scc/doc/2021/2021scc49/2021scc49.html,https://laws-lois.justice.gc.ca/eng/acts/I-3.3/section-245.html,https://www.canlii.org/en/commentary/doc/2019CanLIIDocs2940
Fiscal,Déduction d'intérêts — « but de gagner un revenu »,Shell Canada Ltée c. Canada,1999 CanLII 647 (CSC),Cour suprême du Canada,CA-FED,LIR art. 20(1)(c) (déductibilité des intérêts) + art. 18(1)(a) (dépenses pour gagner un revenu),Approche formaliste vs substance: structure juridique valide + application stricte des critères de 20(1)(c); distinction entre « but » et « effet ». ,⚖️ Ancrage législatif : LIR art. 20(1)(c) (et 18(1)(a)). Citer Shell pour cadrer les conditions de déductibilité et l'analyse du « purpose ». ,https://www.canlii.org/en/ca/scc/doc/1999/1999canlii647/1999canlii647.html,https://laws-lois.justice.gc.ca/eng/acts/I-3.3/section-20.html,https://www.canlii.org/en/commentary/doc/2000CanLIIDocs416
Fiscal,Déduction d'intérêts — lien direct / traçabilité des fonds,Bronfman Trust c. La Reine,1987 CanLII 76 (CSC),Cour suprême du Canada,CA-FED,LIR art. 20(1)(c) (déductibilité des intérêts),Exigence d'un lien direct entre l'emprunt et une utilisation admissible; importance de la « tracing » des fonds empruntés.,⚖️ Ancrage législatif : LIR art. 20(1)(c). À référer systématiquement pour la traçabilité et la finalité de l'emprunt.,https://www.canlii.org/en/ca/scc/doc/1987/1987canlii76/1987canlii76.html,https://laws-lois.justice.gc.ca/eng/acts/I-3.3/section-20.html,https://www.canlii.org/en/commentary/doc/2022CanLIIDocs3231
Fiscal,Prix de transfert — pleine concurrence,GlaxoSmithKline Inc. c. Canada,2012 CSC 52,Cour suprême du Canada,CA-FED,LIR art. 247 (prix de transfert) (et régime connexe selon l'année d'imposition),Analyse arm's length contextuelle: prendre en compte l'ensemble de l'opération (incluant intangibles/ licences) dans la comparaison pleine concurrence.,⚖️ Ancrage législatif : LIR art. 247. Citer Glaxo sur l'obligation d'évaluer le contexte commercial complet dans la comparaison.,https://www.canlii.org/en/ca/scc/doc/2012/2012scc52/2012scc52.html,https://laws-lois.justice.gc.ca/eng/acts/I-3.3/section-247.html,https://www.canlii.org/en/commentary/doc/2012CanLIIDocs110
Fiscal,Revenu vs capital — incitatifs locatifs,Ikea Ltd. c. Canada,1998 CanLII 848 (CSC),Cour suprême du Canada,CA-FED,LIR art. 9 (revenu d'entreprise) (et qualification revenu/capital),Qualification d'un paiement (tenant inducement) : approche factuelle/ économique; critères revenu vs capital en droit fiscal canadien.,⚖️ Ancrage législatif : LIR art. 9. Utiliser Ikea pour structurer l'analyse revenu/capital des paiements reçus.,https://www.canlii.org/en/ca/scc/doc/1998/1998canlii848/1998canlii848.html,https://laws-lois.justice.gc.ca/eng/acts/I-3.3/section-9.html,https://www.canlii.org/en/commentary/doc/2015CanLIIDocs5448
Fiscal,Interprétation en droit fiscal — rejet de l'« anti-avoidance » implicite,Stubart Investments Ltd. c. La Reine,1984 CanLII 20 (CSC),Cour suprême du Canada,CA-FED,LIR art. 111 (report de pertes) (et principes d'interprétation fiscale),Interprétation moderne (texte/contexte/objet) appliquée au fiscal; refus d'une doctrine générale anti-évitement non écrite (avant 245).,⚖️ Ancrage législatif : LIR art. 111 (contexte des pertes) + méthode d'interprétation. Utile pour expliquer l'évolution vers la GAAR (245).,https://www.canlii.org/en/ca/scc/doc/1984/1984canlii20/1984canlii20.html,https://laws-lois.justice.gc.ca/eng/acts/I-3.3/section-111.html,https://www.canlii.org/en/commentary/doc/2009CanLIIDocs184
Famille,Pension alimentaire — objectifs et désavantages économiques,Moge c. Moge,[1992] 3 RCS 813,Cour suprême du Canada,CA-FED,Loi sur le divorce art. 15.2 (pension alimentaire pour époux),Objectifs de la pension alimentaire (compensatoire / non compensatoire) + reconnaissance des désavantages économiques post-divorce.,⚖️ Ancrage législatif : Loi sur le divorce art. 15.2. Moge sert à cadrer les objectifs (compensatoire vs besoins) et l'analyse des désavantages.,https://www.canlii.org/en/ca/scc/doc/1992/1992canlii25/1992canlii25.html,https://laws-lois.justice.gc.ca/eng/acts/D-3.4/section-15.2.html,https://canliiconnects.org/en/summaries/32907
Famille,Pension alimentaire — soutien non compensatoire (besoins),Bracklow c. Bracklow,1999 CanLII 715 (CSC),Cour suprême du Canada,CA-FED,Loi sur le divorce art. 15.2,Reconnaît le soutien non compensatoire (besoins/équité) en plus du compensatoire; précise la structure d'analyse sous 15.2.,⚖️ Ancrage législatif : Loi sur le divorce art. 15.2. À citer pour distinguer soutien compensatoire vs non compensatoire.,https://www.canlii.org/en/ca/scc/doc/1999/1999canlii715/1999canlii715.html,https://laws-lois.justice.gc.ca/eng/acts/D-3.4/section-15.2.html,https://canliiconnects.org/en/summaries/32909
Famille,Ententes post-séparation — déférence et contrôle (spousal support),Miglin c. Miglin,2003 CSC 24,Cour suprême du Canada,CA-FED,Loi sur le divorce art. 15.2,Test en deux étapes pour accorder du poids aux ententes: conformité aux objectifs au moment de la conclusion + adéquation au moment de la demande.,⚖️ Ancrage législatif : Loi sur le divorce art. 15.2. Citer Miglin pour la méthodologie d'analyse des ententes de séparation.,https://www.canlii.org/en/ca/scc/doc/2003/2003scc24/2003scc24.html,https://laws-lois.justice.gc.ca/eng/acts/D-3.4/section-15.2.html,https://canliiconnects.org/en/summaries/32910
Famille,Conduite et pension alimentaire — « misconduct » non déterminant,Leskun c. Leskun,2006 CSC 25,Cour suprême du Canada,CA-FED,Loi sur le divorce art. 15.2,La faute/mauvaise conduite n'est pas un facteur autonome; peut influencer seulement via ses conséquences sur besoins/capacité/conditions (p.ex. trauma).,⚖️ Ancrage législatif : Loi sur le divorce art. 15.2. Leskun sert à expliquer quand la conduite est pertinente (effets) sans redevenir une « faute ». ,https://www.canlii.org/en/ca/scc/doc/2006/2006scc25/2006scc25.html,https://laws-lois.justice.gc.ca/eng/acts/D-3.4/section-15.2.html,https://www.canlii.org/en/commentary/doc/2000CanLIIDocs416
Famille,Pension alimentaire pour enfants — rétroactivité,D.B.S. c. S.R.G.,2006 CSC 37,Cour suprême du Canada,CA-FED,Loi sur le divorce art. 15.1 + Lignes directrices fédérales sur les pensions alimentaires pour enfants (SOR/97-175),"Cadre pour ordonnances rétroactives: avis, conduite du débiteur, circonstances de l'enfant, préjudice; présomption date d'avis efficace.",⚖️ Ancrage législatif : Loi sur le divorce art. 15.1 + Lignes directrices fédérales (SOR/97-175). Citer D.B.S. pour l'analyse rétroactive et le rôle de l'avis.,https://www.canlii.org/en/ca/scc/doc/2006/2006scc37/2006scc37.html,https://www.canlii.org/en/ca/laws/regu/sor-97-175/latest/sor-97-175.html,https://www.cba.org/sections/family-law/member-articles/retroactive-child-support-and-d-b-s-v-s-r-g/
Famille,Enfant « à charge » / in loco parentis (beau-parent),Chartier c. Chartier,1999 CanLII 707 (CSC),Cour suprême du Canada,CA-FED,Loi sur le divorce art. 2(1) « enfant à charge » + art. 15.1 (pension alimentaire pour enfants),Critères pour déterminer si une personne tient lieu de parent; obligations subsistent malgré rupture si le rôle parental a été assumé.,⚖️ Ancrage législatif : Loi sur le divorce (définition « enfant à charge ») + art. 15.1. Citer Chartier pour le test in loco parentis.,https://www.canlii.org/en/ca/scc/doc/1999/1999canlii707/1999canlii707.html,https://laws-lois.justice.gc.ca/eng/acts/D-3.4/section-15.1.html,https://canliiconnects.org/en/summaries/32867
Famille,Relocalisation — garde/accès (best interests),Gordon c. Goertz,1996 CanLII 191 (CSC),Cour suprême du Canada,CA-FED,Loi sur le divorce (ancien art. 16; aujourd'hui régime « parenting ») — principe de l'intérêt de l'enfant,Test de relocalisation: réexamen complet de l'intérêt de l'enfant; pas de présomption; facteurs pertinents et fardeau.,⚖️ Ancrage législatif : Loi sur le divorce art. 16 (intérêt de l'enfant) (version applicable). Citer Gordon pour la méthodologie de relocalisation.,https://www.canlii.org/en/ca/scc/doc/1996/1996canlii191/1996canlii191.html,https://laws-lois.justice.gc.ca/eng/acts/D-3.4/section-16.html,https://www.leaf.ca/case_summary/goertz-v-gordon-1996/
Famille,Garde — déférence en appel / intérêt de l'enfant,Van de Perre c. Edwards,2001 CSC 60,Cour suprême du Canada,CA-FED,Loi sur le divorce art. 16 (intérêt de l'enfant) (cadre de la garde),Décisions de garde = fortement discrétionnaires; intervention en appel seulement en cas d'erreur de droit ou erreur manifeste dans l'appréciation des faits.,⚖️ Ancrage législatif : Loi sur le divorce art. 16. Citer Van de Perre pour le standard d'intervention en appel sur les ordonnances de garde.,https://www.canlii.org/fr/ca/csc/doc/2001/2001csc60/2001csc60.html,https://laws-lois.justice.gc.ca/eng/acts/D-3.4/section-16.html,https://lawcf.ca/family-law-van-de-perre-v-edwards/
Famille,Pensions alimentaires — contrôle en appel / Lignes directrices,Hickey c. Hickey,1999 CanLII 691 (CSC),Cour suprême du Canada,CA-FED,Loi sur le divorce art. 15.1 + Lignes directrices fédérales (SOR/97-175),Déférence en appel sur pensions alimentaires; rôle central des lignes directrices et nécessité d'erreur de principe/manifestement déraisonnable pour intervenir.,⚖️ Ancrage législatif : Loi sur le divorce art. 15.1 + Lignes directrices fédérales. Citer Hickey pour la déférence en appel et l'usage des guidelines.,https://www.canlii.org/en/ca/scc/doc/1999/1999canlii691/1999canlii691.html,https://www.canlii.org/en/ca/laws/regu/sor-97-175/latest/sor-97-175.html,https://canliiconnects.org/en/summaries/24164
Famille,Union de fait — exclusion des protections CCQ (Charte),Québec (Procureur général) c. A,2013 CSC 5,Cour suprême du Canada,QC,C.c.Q. (obligations alimentaires et patrimoine familial — articles applicables aux époux) + Charte canadienne art. 15,Cadre constitutionnel sur l'exclusion des conjoints de fait des régimes CCQ; tension égalité vs liberté de choix; impacts pratiques en droit de la famille québécois.,⚖️ Ancrage législatif : C.c.Q. (régimes réservés aux époux) + Charte art. 15. Mentionner explicitement que la décision porte sur l'union de fait au Québec.,https://www.canlii.org/en/ca/scc/doc/2013/2013scc5/2013scc5.html,https://www.legisquebec.gouv.qc.ca/fr/document/lc/ccq-1991#se:585,https://canliiconnects.org/en/commentaries/29934
Administratif,Norme de contrôle — refonte du cadre (raisonnabilité par défaut),Canada (Citoyenneté et Immigration) c. Vavilov,2019 CSC 65,Cour suprême du Canada,CA-FED,Loi sur les Cours fédérales art. 18.1 (contrôle judiciaire) (cadre jurisprudentiel de la norme de contrôle),"Cadre Vavilov: raisonnabilité par défaut, catégories de correction (questions constitutionnelles, compétence entre tribunaux, questions de droit d'importance capitale, mécanismes d'appel statutaires) + exigences sur les motifs.",⚖️ Ancrage : Loi sur les Cours fédérales art. 18.1 (procédure) + cadre Vavilov. Citer pour la norme de contrôle et l'analyse des motifs.,https://www.canlii.org/en/ca/scc/doc/2019/2019scc65/2019scc65.html,https://laws-lois.justice.gc.ca/eng/acts/f-7/section-18.1.html,https://www.canlii.org/en/commentary/doc/2021CanLIIDocs634
Administratif,Norme de contrôle — Dunsmuir (historique / raisonnabilité),Dunsmuir c. Nouveau-Brunswick,2008 CSC 9,Cour suprême du Canada,CA-FED,Loi sur les Cours fédérales art. 18.1 (contrôle judiciaire) (cadre jurisprudentiel antérieur),Simplification des normes (raisonnabilité/correction) et approche contextuelle; utile pour expliquer l'évolution vers Vavilov.,⚖️ Ancrage : contrôle judiciaire (art. 18.1 LCF au fédéral; art. 529 C.p.c. au Québec). Dunsmuir = point de référence historique pré‑Vavilov.,https://www.canlii.org/en/ca/scc/doc/2008/2008scc9/2008scc9.html,https://laws-lois.justice.gc.ca/eng/acts/f-7/section-18.1.html,https://www.canlii.org/en/commentary/doc/2010CanLIIDocs299
Administratif,Équité procédurale — devoir d'agir équitablement,Baker c. Canada (Ministre de la Citoyenneté et de l'Immigration),1999 CanLII 699 (CSC),Cour suprême du Canada,CA-FED,Loi sur les Cours fédérales art. 18.1 (contrôle judiciaire) + (selon faits) loi habilitante (p.ex. Immigration Act),Facteurs Baker pour calibrer l'équité procédurale; importance des motifs; intérêt supérieur de l'enfant comme considération pertinente en immigration.,⚖️ Ancrage : recours en contrôle judiciaire (art. 18.1 LCF). Citer Baker pour les facteurs de l'équité procédurale et les exigences minimales de motifs.,https://www.canlii.org/en/ca/scc/doc/1999/1999canlii699/1999canlii699.html,https://laws-lois.justice.gc.ca/eng/acts/f-7/section-18.1.html,https://canliiconnects.org/en/summaries/32946
Administratif,Droits fondamentaux — cadre Doré (valeurs de la Charte),Doré c. Barreau du Québec,2012 CSC 12,Cour suprême du Canada,QC,Charte canadienne (valeurs/ droits) + (Québec) recours en contrôle judiciaire C.p.c. art. 529 (procédure) + loi constitutive de l'organisme (Barreau),Cadre Doré: décision administrative doit proportionnellement concilier l'objet statutaire et les protections/valeurs de la Charte; raisonnabilité comme norme typique.,⚖️ Ancrage : C.p.c. art. 529 (contrôle judiciaire au Québec) + cadre Doré (valeurs de la Charte). À rappeler dans tout dossier « admin + droits fondamentaux ».,https://www.canlii.org/en/ca/scc/doc/2012/2012scc12/2012scc12.html,https://www.legisquebec.gouv.qc.ca/fr/document/lc/C-25.01#se:529,https://www.cba.org/sections/administrative-law/articles/the-song-remains-the-same-the-dore-loyola-framework-after-twu/
Administratif,Révision judiciaire — limites du contrôle des faits / déférence (Khosa),Canada (Citoyenneté et Immigration) c. Khosa,2009 CSC 12,Cour suprême du Canada,CA-FED,Loi sur les Cours fédérales art. 18.1 (contrôle judiciaire) + loi habilitante (IRPA) (selon faits),Nature du contrôle judiciaire (vs appel) et rôle du caractère raisonnable; interaction avec clauses privatives/compétence statutaire.,⚖️ Ancrage : art. 18.1 LCF. Khosa sert à rappeler que le contrôle judiciaire n'est pas un appel sur le fond.,https://www.canlii.org/en/ca/scc/doc/2009/2009scc12/2009scc12.html,https://laws-lois.justice.gc.ca/eng/acts/f-7/section-18.1.html,https://www.canlii.org/en/commentary/doc/2009CanLIIDocs184
Administratif,Motifs — suffisance des raisons (pas un motif autonome),Newfoundland and Labrador Nurses' Union c. Terre-Neuve-et-Labrador (Treasury Board),2011 CSC 62,Cour suprême du Canada,CA-FED,Contrôle judiciaire (cadre jurisprudentiel) + (procédure) art. 18.1 LCF / art. 529 C.p.c. (selon juridiction),Suffisance des motifs s'analyse dans la raisonnabilité globale; pas un motif distinct d'annulation fondé uniquement sur l'insuffisance.,⚖️ Ancrage : contrôle judiciaire. Citer Nurses' Union pour l'analyse des motifs « in the round » (raisonnabilité).,https://www.canlii.org/en/ca/scc/doc/2011/2011scc62/2011scc62.html,https://laws-lois.justice.gc.ca/eng/acts/f-7/section-18.1.html,https://www.canlii.org/en/commentary/doc/2012CanLIIDocs110
Administratif,Délais et compétence — interprétation des délais statutaires,Alberta (Information and Privacy Commissioner) c. Alberta Teachers' Association,2011 CSC 61,Cour suprême du Canada,CA-FED,Contrôle judiciaire (cadre) + loi habilitante (délais procéduraux) (selon régime),Approche de déférence envers l'interprétation des délais statutaires par un tribunal spécialisé; distinction erreurs de compétence vs autres erreurs.,⚖️ Ancrage : contrôle judiciaire. À citer pour l'analyse des délais/ pouvoirs implicites d'un tribunal administratif.,https://www.canlii.org/en/ca/scc/doc/2011/2011scc61/2011scc61.html,https://laws-lois.justice.gc.ca/eng/acts/f-7/section-18.1.html,https://canliiconnects.org/en/commentaries/36267
Administratif,Déférence — interprétation de la loi constitutive (expertise),Edmonton (City) c. Edmonton East (Capilano) Shopping Centres Ltd.,2016 CSC 47,Cour suprême du Canada,CA-FED,Contrôle judiciaire (cadre) + loi constitutive du tribunal (interprétation) (selon faits),Présomption de raisonnabilité quand un tribunal interprète sa loi; poids de l'expertise et du contexte institutionnel.,⚖️ Ancrage : contrôle judiciaire. Citer Edmonton East pour la présomption de raisonnabilité en interprétation de la loi constitutive.,https://www.canlii.org/en/ca/scc/doc/2016/2016scc47/2016scc47.html,https://laws-lois.justice.gc.ca/eng/acts/f-7/section-18.1.html,https://canliiconnects.org/en/commentaries/43956
Administratif,Admin + Charte — TWU (application Doré/Loyola),Law Society of British Columbia c. Trinity Western University,2018 CSC 32,Cour suprême du Canada,CA-FED,Cadre Doré/Loyola (valeurs de la Charte) + contrôle judiciaire (art. 18.1 LCF / art. 529 C.p.c. selon juridiction),Confirme approche de proportionnalité administrative sous Doré/Loyola; importance du mandat statutaire dans la mise en balance des droits.,⚖️ Ancrage : Doré/Loyola + contrôle judiciaire. Citer TWU pour la mise en balance proportionnée des droits/valeurs et objectifs statutaires.,https://www.canlii.org/en/ca/scc/doc/2018/2018scc32/2018scc32.html,https://laws-lois.justice.gc.ca/eng/acts/f-7/section-18.1.html,https://www.canlii.org/en/commentary/doc/2019CanLIIDocs2940
Administratif,Voies de recours — action en dommages vs contrôle judiciaire (TeleZone),Canada (Procureur général) c. TeleZone Inc.,2010 CSC 62,Cour suprême du Canada,CA-FED,Loi sur les Cours fédérales art. 18 et 18.1 (compétence et contrôle judiciaire),"Clarifie qu'une action en dommages peut être intentée en cour supérieure sans passer par le contrôle judiciaire, selon la nature du recours et l'intention législative.",⚖️ Ancrage : LCF art. 18-18.1. Citer TeleZone pour distinguer invalidation d'une décision (contrôle) vs dommages (action civile).,https://www.canlii.org/en/ca/scc/doc/2010/2010scc62/2010scc62.html,https://laws-lois.justice.gc.ca/eng/acts/f-7/section-18.html,https://canliiconnects.org/en/commentaries/36289
Municipal,Pouvoir réglementaire municipal / environnement / nuisances,"114957 Canada Ltée (Spraytech, Société d'arrosage) c. Hudson (Ville)",2001 CSC 40,CSC,QC,Loi sur les compétences municipales (RLRQ c C-47.1) (pouvoirs généraux/nuisances); Loi sur la qualité de l'environnement (RLRQ c Q-2) (cadre environnemental),Validité d'un règlement municipal (pesticides) + interprétation large des pouvoirs municipaux (précaution / intérêt public),"Dans la fiche, ajouter «Ancrage normatif»: LCM (pouvoirs généraux + nuisances) + cadre Q-2. Mentionner que l'arrêt soutient une lecture large des pouvoirs municipaux en matière d'environnement.",https://www.canlii.org/fr/ca/csc/doc/2001/2001csc40/2001csc40.html,https://www.legisquebec.gouv.qc.ca/fr/version/lc/C-47.1?code=se%3A4,https://decisions.scc-csc.ca/scc-csc/scc-csc/fr/item/1850/index.do
Municipal,Nuisances / validité d'un règlement municipal / précision de la norme,Montréal (Ville) c. 2952-1366 Québec Inc.,2005 CSC 62,CSC,QC,Loi sur les compétences municipales (RLRQ c C-47.1) (nuisances); Code civil du Québec art. 1457 (responsabilité) (souvent invoqué en toile de fond),Norme de nuisance: exigence de clarté/portée + standard de contrôle des règlements municipaux,"Dans la fiche, ajouter «Codification/ancrage»: LCM (nuisances) + rappeler le test de validité (objet municipal, clarté, proportionnalité pratique).",https://www.canlii.org/fr/ca/csc/doc/2005/2005csc62/2005csc62.html,https://www.legisquebec.gouv.qc.ca/fr/version/lc/C-47.1?code=se%3A85,https://decisions.scc-csc.ca/scc-csc/scc-csc/fr/item/2243/index.do
Municipal,Troubles de voisinage / responsabilité sans faute,Ciment du Saint-Laurent inc. c. Barrette,2008 CSC 64,CSC,QC,Code civil du Québec art. 976 (troubles de voisinage); art. 1457 (responsabilité) (distinct du régime 976),Le régime autonome de l'art. 976 C.c.Q. (responsabilité sans faute) pour nuisances anormales,"Dans la fiche, afficher en tête «Disposition codificatrice»: C.c.Q. art. 976. Expliquer la différence 976 (sans faute) vs 1457 (faute) et les critères (caractère anormal / inconvénients).",https://www.canlii.org/fr/ca/csc/doc/2008/2008csc64/2008csc64.html,https://www.legisquebec.gouv.qc.ca/fr/version/lc/CCQ-1991?code=se%3A976,https://decisions.scc-csc.ca/scc-csc/scc-csc/fr/item/2364/index.do
Municipal,Prépondérance fédérale / aéronautique / zonage municipal,Québec (Ville) c. Lacombe,2010 CSC 38,CSC,MIXTE,Loi sur l'aéronautique (fédérale) (compétence fédérale) + Loi sur l'aménagement et l'urbanisme (RLRQ c A-19.1) (règlements de zonage),Inopérabilité d'un règlement municipal de zonage qui touche au «cœur» de la compétence fédérale en aéronautique (immunité interjuridictionnelle / prépondérance),"Dans la fiche, indiquer «Exception de juridiction»: municipal (QC) vs aéronautique (FED). Donner un encadré «Quand appliquer la prépondérance/immunité».",https://www.canlii.org/fr/ca/csc/doc/2010/2010csc38/2010csc38.html,https://www.legisquebec.gouv.qc.ca/fr/version/lc/A-19.1?code=se%3A113,https://decisions.scc-csc.ca/scc-csc/scc-csc/fr/item/7864/index.do
Municipal,Prépondérance fédérale / aérodromes / urbanisme,Québec (Procureur général) c. Canadian Owners and Pilots Association (COPA),2010 CSC 39,CSC,MIXTE,Loi sur l'aéronautique (fédérale) + Loi sur l'aménagement et l'urbanisme (RLRQ c A-19.1),Un règlement provincial/municipal ne peut empêcher l'établissement d'un aérodrome: compétence fédérale (aéronautique),"Dans la fiche, ajouter «Carte de conflit»: urbanisme QC ↔ compétence fédérale aéronautique. Conseiller au lecteur d'identifier d'abord l'objet véritable (pith and substance).",https://www.canlii.org/fr/ca/csc/doc/2010/2010csc39/2010csc39.html,https://www.legisquebec.gouv.qc.ca/fr/version/lc/A-19.1?code=se%3A113,https://decisions.scc-csc.ca/scc-csc/scc-csc/fr/item/7865/index.do
Municipal,Télécommunications / tours cellulaires / compétence fédérale,Rogers Communications Inc. c. Châteauguay (Ville),2016 CSC 23,CSC,MIXTE,Loi sur les télécommunications (fédérale) + Loi sur la radiocommunication (fédérale) + Loi sur l'aménagement et l'urbanisme (RLRQ c A-19.1),"Une municipalité ne peut, par règlement/avis, empêcher un projet relevant du cœur de la compétence fédérale en radiocommunication","Dans la fiche, indiquer «Codification/ancrage»: cadre FED (radiocommunication/télécom) + préciser l'effet sur les outils municipaux (zonage/permis). Inclure un rappel «vérifier compétence» avant d'analyser au fond.",https://www.canlii.org/fr/ca/csc/doc/2016/2016csc23/2016csc23.html,https://laws-lois.justice.gc.ca/fra/lois/R-2/,https://decisions.scc-csc.ca/scc-csc/scc-csc/fr/item/16010/index.do
Municipal,Contrats municipaux / appel d'offres / contrôle judiciaire,Montréal (Ville) c. Octane Stratégie inc.,2019 CSC 57,CSC,QC,Loi sur les cités et villes (RLRQ c C-19) art. 573+ (appel d'offres); Code municipal du Québec (RLRQ c C-27.1) (règles analogues),Responsabilité/recours liés au processus d'appel d'offres municipal (cadre et limites),"Dans la fiche, ajouter un encadré «Ancrage»: LCV 573+ (appel d'offres) + distinguer recours (soumissionnaire) et contrôle de la discrétion municipale.",https://www.canlii.org/fr/ca/csc/doc/2019/2019csc57/2019csc57.html,https://www.legisquebec.gouv.qc.ca/fr/version/lc/C-19?code=se%3A573,https://decisions.scc-csc.ca/scc-csc/scc-csc/fr/item/17581/index.do
Municipal,Infractions municipales / preuve / interprétation pénale,Montréal (Ville) c. Lonardi,2018 CSC 29,CSC,QC,Code de procédure pénale (RLRQ c C-25.1) (poursuites pénales municipales); Loi sur les cités et villes (RLRQ c C-19) (pouvoir réglementaire),Portée d'une infraction réglementaire municipale et exigences probatoires/interpretatives en droit pénal réglementaire,"Dans la fiche, indiquer «Réflexe Droitis»: classifier (pénal réglementaire municipal) et rappeler que la lecture est influencée par le CPP (QC) + principes d'interprétation.",https://www.canlii.org/fr/ca/csc/doc/2018/2018csc29/2018csc29.html,https://www.legisquebec.gouv.qc.ca/fr/version/lc/C-25.1?code=se%3A1,https://decisions.scc-csc.ca/scc-csc/scc-csc/fr/item/17117/index.do
Municipal,Zonage / recours pénal municipal / injonction et exécution,Immeubles Jacques Robitaille inc. c. Québec (Ville),2014 CSC 34,CSC,QC,Loi sur l'aménagement et l'urbanisme (RLRQ c A-19.1) (règlements de zonage et sanctions); Code de procédure pénale (RLRQ c C-25.1) (poursuites),Recours pénal municipal comme outil d'exécution des règlements de zonage (finalité d'aménagement),"Dans la fiche, rappeler «Ancrage»: LAU (zonage) + CPP (pénal municipal). Expliquer l'objectif d'aménagement (harmonie du territoire) et la logique des sanctions.",https://www.canlii.org/fr/ca/csc/doc/2014/2014csc34/2014csc34.html,https://www.legisquebec.gouv.qc.ca/fr/version/lc/A-19.1?code=se%3A227,https://decisions.scc-csc.ca/scc-csc/scc-csc/fr/item/13621/index.do
Municipal,Régime municipal / compétence et contrôle (jurisprudence récente),Montréal (Ville) c. Dorval,2017 CSC 48,CSC,QC,Loi sur les cités et villes (RLRQ c C-19) (cadre municipal); Code de procédure pénale (RLRQ c C-25.1) (selon l'objet exact du litige),Clarifications sur le régime applicable à un litige municipal (qualification + effets procéduraux),"Dans la fiche, ajouter une note «Qualification»: identifier si le litige est (i) règlement/nuisance, (ii) pénal municipal, (iii) responsabilité civile, car l'ancrage législatif change.",https://www.canlii.org/en/ca/scc/doc/2017/2017scc48/2017scc48.html,https://www.legisquebec.gouv.qc.ca/fr/version/lc/C-19?code=se%3A1,https://decisions.scc-csc.ca/scc-csc/scc-csc/en/item/17056/index.do
Santé,Assistance médicale à mourir / droits fondamentaux,Carter c. Canada (Procureur général),2015 CSC 5,CSC,MIXTE,Charte canadienne art. 7; Code criminel (interdictions relatives à l'aide au suicide) + régime législatif MAID (postérieur),Inconstitutionnalité partielle des interdictions; cadre pour l'AMM (MAID),"Dans la fiche, ajouter «Après la décision»: mentionner l'évolution législative (MAID au Code criminel) et rappeler de vérifier la version applicable (date des faits).",https://www.canlii.org/en/ca/scc/doc/2015/2015scc5/2015scc5.html,https://laws-lois.justice.gc.ca/fra/lois/C-46/,https://www.justice.gc.ca/eng/rp-pr/other-autre/ad-am/p1.html
Santé,Assistance au suicide (pré-Carter) / art. 7 Charte,Rodriguez c. Colombie-Britannique (Procureur général),1993 CanLII 75 (CSC),CSC,FED,Charte canadienne art. 7; Code criminel (dispositions sur l'aide au suicide),"Ancien cadre (maintien des interdictions) et raisonnement sur l'art. 7, utile pour contextualiser Carter","Dans la fiche, ajouter un encadré «Historique»: distinguer Rodriguez (1993) vs Carter (2015) et expliquer pourquoi la Cour change d'approche.",https://www.canlii.org/en/ca/scc/doc/1993/1993canlii75/1993canlii75.html,https://laws-lois.justice.gc.ca/fra/lois/C-46/,https://lop.parl.ca/sites/PublicWebsite/default/en_CA/ResearchPublications/201943E
Santé,Assurance maladie / délais / accès aux soins,Chaoulli c. Québec (Procureur général),2005 CSC 35,CSC,QC,Charte québécoise (droits à la vie/sécurité) + Charte canadienne art. 7; Loi sur l'assurance maladie (RLRQ c A-29) (cadre),Restrictions au privé et délais: analyse constitutionnelle/québécoise et effets sur la politique de santé,"Dans la fiche, préciser «Double charte»: Charte québécoise + Charte canadienne. Ajouter un rappel: vérifier les modifications législatives postérieures (assurance/privé).",https://www.canlii.org/fr/ca/csc/doc/2005/2005csc35/2005csc35.html,https://www.legisquebec.gouv.qc.ca/fr/version/lc/A-29?code=se%3A1,https://decisions.scc-csc.ca/scc-csc/scc-csc/fr/item/2246/index.do
Santé,Consentement aux soins / fin de vie / retrait de traitement,Cuthbertson c. Rasouli,2013 CSC 53,CSC,OTHER,Code civil du Québec art. 10-25 (intégrité/consentement) (ancrage conceptuel au QC) + législation provinciale sur le consentement (selon province; dans Rasouli: Ontario),Retrait d'un traitement = «traitement» nécessitant consentement (dans le cadre législatif applicable),"Dans la fiche, ajouter «Transposition QC»: rappeler que le QC passe par C.c.Q. 10-25 et lois sanitaires; inviter à qualifier le cadre applicable (QC vs autre province).",https://www.canlii.org/fr/ca/csc/doc/2013/2013csc53/2013csc53.html,https://www.legisquebec.gouv.qc.ca/fr/version/lc/CCQ-1991?code=se%3A10,https://www.canlii.org/en/commentary/doc/2015CanLIIDocs96
Santé,Capacité / refus de traitement (psychiatrie),Starson c. Swayze,2003 CSC 32,CSC,FED,Charte canadienne art. 7 (liberté/sécurité) + principes de capacité/consentement (au QC: C.c.Q. 10-25 + règles de protection),Test de capacité: comprendre l'information pertinente + apprécier les conséquences; autonomie vs protection,"Dans la fiche, ajouter un bloc «Test de capacité» (comprendre/apprécier). Rappeler que, au QC, l'analyse s'articule aussi avec C.c.Q. 10-25 et le régime de protection/mandat.",https://www.canlii.org/en/ca/scc/doc/2003/2003scc32/2003scc32.html,https://www.legisquebec.gouv.qc.ca/fr/version/lc/CCQ-1991?code=se%3A11,https://decisions.scc-csc.ca/scc-csc/scc-csc/en/item/2110/index.do
Santé,Mineur mature / refus de traitement / intérêt de l'enfant,A.C. c. Manitoba (Directeur des services à l'enfant et à la famille),2009 CSC 30,CSC,FED,Charte canadienne art. 7; principes de consentement des mineurs (au QC: C.c.Q. art. 14-17 (soins aux mineurs)),"Approche graduée: plus le mineur est mature, plus son avis pèse dans le test de l'intérêt","Dans la fiche, ajouter «Ancrage QC»: C.c.Q. 14-17 (soins aux mineurs) + rappeler que l'arrêt structure l'analyse «maturité ↔ intérêt».",https://www.canlii.org/fr/ca/csc/doc/2009/2009csc30/2009csc30.html,https://www.legisquebec.gouv.qc.ca/fr/version/lc/CCQ-1991?code=se%3A14,https://www.canlii.org/en/commentary/doc/2010CanLIIDocs98
Santé,Liberté de religion / transfusion sanguine / protection de l'enfant,B.(R.) c. Children's Aid Society of Metropolitan Toronto,1995 CanLII 115 (CSC),CSC,FED,Charte canadienne art. 2a (religion) et art. 7; principes sur soins aux mineurs (au QC: C.c.Q. 14-17),Conflit religion des parents vs meilleur intérêt de l'enfant dans les soins urgents,"Dans la fiche, ajouter «Gating»: distinguer droits des parents (2a) et droits/ intérêt de l'enfant. Au QC, renvoyer à C.c.Q. 14-17 + mécanismes de protection.",https://www.canlii.org/en/ca/scc/doc/1995/1995canlii115/1995canlii115.html,https://laws-lois.justice.gc.ca/fra/const/page-12.html,https://decisions.scc-csc.ca/scc-csc/scc-csc/en/item/1122/index.do
Santé,Consentement éclairé / responsabilité médicale (norme),Reibl c. Hughes,1980 CanLII 23 (CSC),CSC,FED,Principes de responsabilité civile médicale (au QC: C.c.Q. 1457 + 10-25 (consentement/intégrité)),Standard du consentement éclairé et lien de causalité (patient raisonnable),"Dans la fiche, ajouter «Transposition QC»: combiner (i) consentement (C.c.Q. 10-25) et (ii) faute/causalité/dommage (1457). Rappeler le test du patient raisonnable.",https://www.canlii.org/en/ca/scc/doc/1980/1980canlii23/1980canlii23.html,https://www.legisquebec.gouv.qc.ca/fr/version/lc/CCQ-1991?code=se%3A1457,https://www.canlii.org/en/commentary/doc/2011CanLIIDocs94
Santé,Avortement / Charte / droit criminel (historique),R. c. Morgentaler,1988 CanLII 90 (CSC),CSC,FED,Charte canadienne art. 7; Code criminel (ancienne disposition sur l'avortement — historique),Invalidation du régime criminel d'avortement (atteinte art. 7),"Dans la fiche, ajouter «Attention temporalité»: expliquer que le cadre post-1988 relève surtout du droit de la santé/provincial + chartes, non d'une infraction criminelle spécifique.",https://www.canlii.org/fr/ca/csc/doc/1988/1988canlii90/1988canlii90.html,https://laws-lois.justice.gc.ca/fra/lois/C-46/,https://decisions.scc-csc.ca/scc-csc/scc-csc/en/item/288/index.do
Santé,Intégrité / consentement / responsabilité civile québécoise (ancrage),Ciarlariello c. Schacter,1993 CanLII 137 (CSC),CSC,MIXTE,Code civil du Québec art. 10-25 (intégrité/consentement) + art. 1457 (faute) (ancrage en droit québécois),Cadre analytique sur le consentement et les gestes médicaux; articulation avec la responsabilité,"Dans la fiche, ajouter «Disposition pivot»: C.c.Q. 10-25 + rappeler d'analyser (consentement) avant (faute/causalité).",https://www.canlii.org/en/ca/scc/doc/1993/1993canlii137/1993canlii137.html,https://www.legisquebec.gouv.qc.ca/fr/version/lc/CCQ-1991?code=se%3A10,https://www.canlii.org/en/commentary/doc/2011CanLIIDocs483
Successions & libéralités,Testament non signé / vérification / formalités,Succession de Blanchet c. Succession de Fournier,2023 QCCA 987,QCCA,QC,C.c.Q. (forme/validité des testaments: exigences de signature et formalités) + procédure de vérification/homologation,La signature est une formalité centrale: limites de la «vérification» quand un testament est incomplet,"Dans la fiche, ajouter un encadré «Codification»: rappeler les exigences de signature selon le type de testament et signaler que certaines irrégularités sont fatales.",https://www.canlii.org/fr/qc/qcca/doc/2023/2023qcca987/2023qcca987.html,https://www.legisquebec.gouv.qc.ca/fr/document/lc/CCQ-1991,https://canliiconnects.org/en/summaries/92963
Successions & libéralités,Signature / lien entre écriture et testateur / preuve,Succession de Charpentier,2022 QCCA 660,QCCA,QC,"C.c.Q. (testament olographe/devant témoins: forme, signature, preuve)",Preuve de l'authenticité et respect des formalités (signature comme élément clé),"Dans la fiche, ajouter «Rappel pratique»: quand un testament est contesté, prioriser: (1) forme (2) capacité (3) vice de consentement (captation/dol).",https://www.canlii.org/fr/qc/qcca/doc/2022/2022qcca660/2022qcca660.html,https://www.legisquebec.gouv.qc.ca/fr/version/lc/CCQ-1991?code=se%3A726,https://www.canlii.org/fr/doctrine/doc/2023CanLIIDocs1678
Successions & libéralités,Capacité de tester / captation / preuve prima facie,Brusenbauch c. Young,2019 QCCA 914,QCCA,QC,C.c.Q. (vice de consentement/dol) + règles de preuve (art. 2803-2804 C.c.Q.),Seuil probatoire et analyse de la capacité / captation en contestation testamentaire,"Dans la fiche, inclure une section «Pièges»: confondre (i) incapacité (ii) captation/dol (iii) simple influence. Rappeler l'exigence de preuve et de causalité.",https://www.canlii.org/fr/qc/qcca/doc/2019/2019qcca914/2019qcca914.html,https://www.legisquebec.gouv.qc.ca/fr/version/lc/CCQ-1991?code=se%3A2803,https://krblaw.ca/wills-and-estates-incapacity-or-undue-influence/
Successions & libéralités,Interprétation des dispositions testamentaires / volonté du testateur,Bourke c. Serres,2020 QCCA 840,QCCA,QC,C.c.Q. (interprétation des testaments; principes d'interprétation des actes),"Interprétation: rechercher l'intention, cohérence interne, contexte factuel admissible","Dans la fiche, ajouter «Méthode»: (1) texte du testament (2) structure globale (3) contexte (4) présomptions. Insister sur la hiérarchie des éléments.",https://www.canlii.org/fr/qc/qcca/doc/2020/2020qcca840/2020qcca840.html,https://www.legisquebec.gouv.qc.ca/fr/document/lc/CCQ-1991,https://www.canlii.org/fr/doctrine/doc/2021CanLIIDocs13677
Successions & libéralités,Succession internationale / conflits de lois (ancrage),Succession de Ashegh,2019 QCCA 792,QCCA,QC,C.c.Q. Livre Dixième (droit international privé) + règles successorales (selon rattachements),Détermination de la loi applicable et des rattachements en matière successorale internationale,"Dans la fiche, ajouter un bloc «DIP»: domicile, situation des biens, forme du testament; recommander de vérifier l'homologation si acte étranger.",https://www.canlii.org/fr/qc/qcca/doc/2019/2019qcca792/2019qcca792.html,https://www.legisquebec.gouv.qc.ca/fr/version/lc/CCQ-1991?code=se%3A3083,https://www.canlii.org/fr/doctrine/doc/2021CanLIIDocs13966
Successions & libéralités,Testament olographe / signature / formalité essentielle,Lemaine (Succession de),2012 QCCA 1371,QCCA,QC,C.c.Q. (testament olographe: exigences),La signature comme condition essentielle; portée des irrégularités formelles,"Dans la fiche, ajouter «Check-list» olographe: écrit en entier + daté (si requis) + signé; sinon risque élevé d'invalidité.",https://www.canlii.org/fr/qc/qcca/doc/2012/2012qcca1371/2012qcca1371.html,https://www.legisquebec.gouv.qc.ca/fr/version/lc/CCQ-1991?code=se%3A726,https://www.canlii.org/fr/doctrine/doc/2013CanLIIDocs839
Successions & libéralités,Testament olographe non signé / exception impossible,Brossard (Succession de),2008 QCCA 573,QCCA,QC,C.c.Q. (testament olographe: signature),Un testament olographe sans signature échoue généralement à la vérification,"Dans la fiche, insister: la signature n'est pas une simple irrégularité; c'est une condition de validité (sauf cas très exceptionnels).",https://www.canlii.org/fr/qc/qcca/doc/2008/2008qcca573/2008qcca573.html,https://www.legisquebec.gouv.qc.ca/fr/version/lc/CCQ-1991?code=se%3A726,https://www.canlii.org/fr/doctrine/doc/2009CanLIIDocs621
Successions & libéralités,Homologation / preuve / contestation,Buck (Succession de),2010 QCCS 370,CS,QC,C.c.Q. (vérification/homologation) + Code de procédure civile (procédure),Règles de vérification et fardeau de preuve en matière de testament,"Dans la fiche, ajouter «Procédure»: distinguer vérification (forme) vs contestation (fond: capacité/captation).",https://www.canlii.org/fr/qc/qccs/doc/2010/2010qccs370/2010qccs370.html,https://www.legisquebec.gouv.qc.ca/fr/document/lc/CCQ-1991,https://www.erudit.org/en/journals/notariat/2021-v123-n3-notariat07624/1095691ar.pdf
Successions & libéralités,Vérification / contestation / preuve et accès aux documents,F.B. c. Therrien (Succession de),2014 QCCA 854,QCCA,QC,"C.c.Q. (preuve, confidentialité vs nécessité en contestation) + règles de procédure","Cadre pour obtenir des éléments probatoires (dossiers, testaments antérieurs) lorsque motifs sérieux (incapacité/captation)","Dans la fiche, ajouter «Avant d'affirmer»: exiger indices sérieux avant de conclure à la captation/incapacité; recommander de vérifier les pièces (dossiers médicaux, certificats).",https://www.canlii.org/fr/qc/qcca/doc/2014/2014qcca854/2014qcca854.html,https://www.legisquebec.gouv.qc.ca/fr/document/lc/CCQ-1991,https://canliiconnects.org/en/summaries/97424
Successions & libéralités,Responsabilité notariale / testament notarié / témoin,Thibault c. Guibault,1999 CanLII 13631 (QC CA),QCCA,QC,C.c.Q. (forme du testament notarié; preuve; dol/captation selon contexte),Paramètres d'analyse en contestation (capacité/captation) et rôle des intervenants (notaire/témoins),"Dans la fiche, ajouter «Piège»: ne pas confondre irrégularité de forme (rare en notarié) avec vice de consentement (captation/dol) qui exige preuve + causalité.",https://www.canlii.org/fr/qc/qcca/doc/1999/1999canlii13631/1999canlii13631.html,https://www.legisquebec.gouv.qc.ca/fr/document/lc/CCQ-1991,https://www.millerthomson.com/fr/perspectives-juridiques/services-aux-particuliers/invoquer-la-captation-pour-contester-un-testament-dautres-actes-quebec/
